Wall distance (mm), Velocity (m/s)
0,0
0.21577,9.7514
0.43155,11.171
0.60417,11.933
1.0357,13.263
1.4241,14.118
1.8125,14.801
2.0283,15.131
3.0208,16.361
4.0134,17.298
5.006,18.064
6.0417,18.742
7.0342,19.31
8.0268,19.816
10.012,20.1
12.04,20.1
